producto_id,name,categoria_id,subcategoria_id,age_group,genero,tipo_tela,color,estilo,fit,uso,descripcion,tags,marca_id,price,proveedor_id
1,Leggings de compresión Under Armour para niñas activas,2,18,niño,mujer,poliester,beige,activewear,compression,gym,"Estos leggings de compresión Under Armour están diseñados para niñas que aman el deporte y la actividad física. Confeccionados con un material de poliéster suave y transpirable, ofrecen una comodidad y flexibilidad excepcionales. Además, su diseño innovador incluye una banda elástica en la cintura para un ajuste perfecto y una libertad de movimiento total. Son ideales para practicar yoga, correr o simplemente para un día de entrenamiento en el gimnasio.","['ropa deportiva', 'mujer', 'niña', 'activewear', 'compresión', 'poliester', 'beige', 'under armour', 'gym', ' Running', 'Yoga', 'Fitness', 'Ropa de entrenamiento']",34,41.0,6
2,Falda Boho Chic en Tono Café,2,19,adulto joven,mujer,algodon,cafe,casual,slim,daily,"Esta hermosa falda bohemia en tono café es perfecta para cualquier ocasión diaria. Confeccionada en algodón suave y con un corte slim fit, esta falda es ideal para mujeres jóvenes que buscan un estilo casual y elegante. La falda cuenta con un estampado de flores sutiles en tonos marrones y beige, lo que le da un toque de distinción y sofisticación. Además, su estilo bohemio y su versatilidad la hacen perfecta para combinar con diferentes looks y accesorios, desde un par de botas de cuero hasta un par de sandalias planas.","['Moda urbana', 'Falda casual', 'Algodón suave', 'Slim fit', 'Mujer joven', 'Vestir diario', 'Estilo bohemio', 'Invierno suave', 'Otoño cálido', 'Verano fresco', 'Looks de moda', 'Tendencias actuales', 'Ropa cómoda']",4,152.0,5
3,Pantalones Cargo Beige para Niños,2,16,niño,unisex,poliester,beige,utility,regular,casual,"Estos pantalones cargo beige para niños son ideales para un día de aventuras al aire libre. Confeccionados con poliéster transpirable y un corte regular, ofrecen comodidad y libertad de movimiento. Además, cuentan con bolsillos laterales para guardar pequeños tesoros y un cierre de cremallera seguro. Perfectos para la escuela o para jugar con amigos, estos pantalones son una excelente opción para cualquier ocasión casual.","['pantalones de niño', 'ropa casual', 'estilo urbano', 'beige', 'poliéster', 'unisex', 'regular fit', 'bolsillos laterales', 'cierre de cremallera', 'tejido transpirable', 'para jugar', 'para la escuela', 'moda infantil']",1,48.0,10
4,Pantalones cargo de mujer Carhartt blancos,2,16,adulto mayor,mujer,poliester,blanco,streetwear,regular,casual,"Estos pantalones cargo de mujer Carhartt son ideales para un día casual en la ciudad. Confeccionados en poliester suave y resistente, tienen un estilo streetwear que les da un toque moderno y urbano. Además, cuentan con bolsillos laterales y traseros para llevar todos tus objetos personales, y tienen un cinturón ajustable para un ajuste perfecto. Son perfectos para caminar, hacer deporte o simplemente disfrutar de un día relajado en el parque.","['pantalones cargo', 'moda urbana', 'streetwear', 'mujer', 'adulto mayor', 'poliester', 'blanco', 'fit regular', 'uso casual', 'ropa comoda', 'pantalones para caminar', 'estilo relajado']",9,55.0,1
5,Camiseta Amarilla Minimalista con Detalle de Cuello,1,9,adulto joven,mujer,algodon,amarillo,minimalist,regular,casual,"La camiseta amarilla minimalista con cuello Henley es una prenda básica para cualquier época del año. Hecha de algodón suave, esta camiseta cuenta con un diseño simple y elegante, perfecto para un look casual y fresco. Además, su cuello Henley le da un toque de estilo y sofisticación, haciéndola ideal para usar en el día a día o para salir con amigos. Puedes combinarla con jeans, shorts o una falda para crear un look único y personalizado.","['Camisetas de mujer', 'Ropa casual', 'Estilo minimalista', 'Amarillo brillante', 'Algodón suave', 'Cuello Henley', 'Prenda básica', 'Verano', 'Otoño', 'Invierno', 'Primavera', 'Ropa para adultos jóvenes', 'Moda urbana']",19,20.0,3
6,Soutien deportivo Rosado Intenso,1,12,adulto joven,mujer,spandex,rosado,activewear,slim,training,"Este soutien deportivo rosado intenso de Adidas es perfecto para mujeres que buscan comodidad y estilo durante sus sesiones de entrenamiento. Confeccionado con spandex, ofrece un ajuste slim y flexible que se adapta a tus movimientos. Además, su diseño innovador incluye un refuerzo en la parte inferior para un mayor soporte y estabilidad, lo que te permite realizar tus ejercicios con confianza y seguridad. También cuenta con un pequeño bolsillo en la parte posterior para guardar tus objetos personales mientras te entrenas.","['Ropa deportiva', 'Soutien deportivo', 'Mujer', 'Activewear', 'Entrenamiento', 'Spandex', 'Rosado', 'Slim fit', 'Adidas', 'Deporte', 'Fitness', 'Moda deportiva', 'Ropa de entrenamiento']",2,41.0,2
7,Camisa de Gala Celeste Slim Fit para Niños,1,6,niño,hombre,poliester,celeste,luxury,slim,formal events,"Esta camisa de gala celeste slim fit para niños es perfecta para cualquier evento formal. Confeccionada con poliéster de alta calidad y un estilo de lujo, esta camisa cuenta con un diseño exclusivo que incluye un estampado sutil de rayas finas en tonos claros. La marca Armani garantiza la mejor calidad y comodidad para que tu pequeño se sienta como un verdadero gentleman en cualquier ocasión especial.","['Ropa de Gala', 'Camisas de Niño', 'Poliéster de Alta Calidad', 'Estilo de Lujo', 'Slim Fit', 'Celeste Intenso', 'Armani Junior', 'Ropa Formal para Niños', 'Eventos Especiales', 'Moda Infantil Luxe', 'Camisas con Estampados', 'Tuxedo para Niños', 'Ropa de Diseño']",5,1089.0,7
8,Turtleneck Elegante Verde Esmeralda para Niñas,1,5,niño,mujer,rayon,verde,elegant,slim,formal events,"Esta hermosa turtleneck de color verde esmeralda es perfecta para las niñas que aman la moda y el estilo. Confeccionada en rayon suave y ligero, esta prenda es ideal para eventos formales como fiestas de cumpleaños o bodas. La silueta slim fit y el cuello alto le dan un toque elegante y sofisticado, mientras que el estampado de flores diminutas en tonos pastel añade un toque de dulzura y feminidad. Es una prenda versátil que se puede combinar con una falda o pantalones para crear un look completo y elegante.","['moda infantil', 'verde esmeralda', 'turtleneck', 'mujer', 'elegante', 'vestido formal', 'rayon', 'ropa de niña', 'estilo urbano', 'fiesta de cumpleaños', 'eventos especiales', 'ropa slim fit', 'Zara kids']",37,69.0,10
9,Sweater Amarillo Niño Carhartt,1,7,niño,unisex,algodon,amarillo,casual,regular,casual,"Este sweater amarillo para niños de la marca Carhartt es ideal para el invierno y el otoño. Con su tejido de algodón suave y su estilo casual, es perfecto para un día en el parque o en la escuela. Además, cuenta con un diseño minimalista y un corte regular que garantiza la comodidad y la libertad de movimiento. La prenda también tiene un pequeño logotipo de la marca en el pecho y una pequeña cremallera en la parte superior para facilitar su uso.","['sweater amarillo', 'ropa para niños', 'estilo casual', 'tejido de algodón', 'unisex', 'prenda cálida', 'invierno', 'otoño', 'diseño minimalista', 'corte regular', 'comodidad garantizada', 'marca Carhartt', 'sweaters para niños']",9,84.0,6
10,Falda azul casual de algodón slim fit,2,19,adulto joven,mujer,algodon,azul,casual,slim,daily,"La falda azul casual de algodón es perfecta para un día de verano en la ciudad. Con un estilo slim fit y un color azul marino intenso, esta falda es ideal para combinar con una camiseta blanca y un par de sandalias para un look relajado y elegante. La falda cuenta con un estampado de flores pequeñas en tonos claros que le da un toque femenino y delicado. Además, el algodón es suave y fresco, lo que la hace perfecta para usar en cualquier momento del día.","['falda azul', 'moda casual', 'algodón', 'mujer', 'joven', 'diario', 'slim fit', 'estilo urbano', 'ropa para mujer', 'azul marino', 'falda para verano', 'conjunto casual', 'moda española']",26,78.0,10
11,Sweater Beige Oversize Niño Carhartt,1,7,niño,unisex,lana,beige,minimalist,oversize,casual,"Este sweater oversize de lana beige es perfecto para los pequeños que buscan comodidad y estilo. Con su diseño minimalista y su tejido de lana natural, este sweater es ideal para los días fríos de otoño e invierno. Además, cuenta con un pequeño logotipo de Carhartt en el pecho y una cremallera en la parte superior para un toque moderno. Es perfecto para combinarse con jeans y zapatillas para un look casual y urbano.","['Ropa de invierno', 'Sweaters oversize', 'Beige unisex', 'Lana natural', 'Moda urbana', 'Carhartt kids', 'Prendas casuales', 'Estilo minimalista', 'Niños fashion', 'Otoño e invierno', 'Diseño simple', 'Telas cálidas', 'Ropa para diario']",9,105.0,10
12,Pantalones de entrenamiento deportivo Champion junior,2,14,niño,unisex,algodon,celeste,sport,slim,gym,"Estos pantalones de entrenamiento deportivo Champion junior son perfectos para los pequeños atletas que buscan combinar comodidad y estilo. Con su tejido de algodón suave y transpirable, estos pantalones garantizan una sensación de frescura y libertad de movimiento en cualquier actividad deportiva. Además, su diseño slim y su color celeste claro lo hacen ideal para lucir en el gimnasio o en la calle, y su cintura elástica asegura un ajuste cómodo y seguro.","['ropa deportiva', 'pantalones joggers', 'niños', 'unisex', 'algodón', 'color celeste', 'estilo deportivo', 'talle slim', 'gimnasio', 'running', 'entrenamiento', 'moda urbana', 'ropa cómoda']",10,47.0,2
13,Leggins Deportivos Beige Slim Fit para Mujer,2,18,juvenil,mujer,spandex,beige,sport,slim,running,"Estos leggins deportivos de Alo Yoga son ideales para mujeres jóvenes que buscan combinar estilo y comodidad en su rutina de entrenamiento. Con su tejido de spandex elástico, ofrecen un ajuste slim fit que se adapta a tu cuerpo, permitiéndote moverte con libertad y confianza. Además, su color beige neutro te permitirá combinarlos con cualquier parte superior de tu armario, desde una camiseta básica hasta un top con estampados divertidos. Perfectos para salir a correr o practicar yoga, estos leggins son una excelente opción para cualquier mujer que busque ropa deportiva de calidad y estilo.","['leggins deportivos', 'mujer', 'beige', 'slim fit', 'running', 'yoga', 'moda urbana', 'ropa deportiva', 'spandex', 'comfort', 'estilo sport', 'juvenil', 'Alo Yoga', 'calidad premium']",3,109.0,7
14,Falda callejera verde esmeralda,2,19,adulto joven,mujer,algodon,verde,streetwear,regular,party,"Esta falda callejera verde esmeralda de ASOS es perfecta para una noche de fiesta con amigas. Confeccionada en algodon transpirable y con un estilo streetwear muy actual, esta falda regular fit es ideal para mujeres jóvenes que buscan una prenda cómoda y a la moda. Además, cuenta con un estampado de hojas muy chic que le da un toque único y original.","['vestido para fiesta', 'falda streetwear', 'mujer joven', 'algodon transpirable', 'verde intenso', 'regular fit', 'ropa para salir', 'moda urbana', 'ASOS', 'precio asequible', 'estilo relajado', 'para ir de noche', 'con estampado de hojas']",1,34.0,8
15,Camisa de cuello en V Roja para Mujer,1,10,adulto mayor,mujer,rayon,rojo,casual,regular,casual,"Esta camisa de cuello en V de Gap es perfecta para cualquier ocasión casual. Confeccionada con rayón suave y ligero, te brindará comodidad y frescura en cualquier momento del día. Su color rojo intenso es ideal para aquellos que buscan hacer una declaración de moda, y su estilo relajado la hace perfecta para salir con amigos o para un día de compras. Además, cuenta con un estampado de pequeñas flores blancas que le dan un toque femenino y delicado.","['Camisas de mujer', 'Ropa casual', 'Tops para adulto mayor', 'Rayón suave', 'Color rojo intenso', 'Estilo relajado', 'Ajustada pero cómoda', 'Para días de verano', 'Ideal para salir con amigos', 'Para todas las edades', 'Camisa con cuello en V', 'Ropa para mujer mayor', 'Prenda básica']",17,40.0,4
16,Top de entrenamiento Adidas SlimFit,1,3,juvenil,unisex,poliester,blanco,streetwear,slim,gym,"Este top de entrenamiento Adidas SlimFit es perfecto para tus sesiones de gimnasio, con un diseño streetwear que te hará destacar. Está hecho de poliéster ligero y transpirable, lo que te mantendrá fresco y seco durante tus ejercicios más intensos. El corte slim fit te proporciona un ajuste cómodo y moderno, mientras que el color blanco te da un toque de elegancia y versatilidad. Además, cuenta con detalles como una pequeña marca Adidas en el pecho y un estampado minimalista en la parte trasera.","['ropa deportiva', 'tank top', 'streetwear', 'juvenil', 'unisex', 'poliéster', 'blanco', 'gimnasio', 'fitness', 'moda urbana', 'estilo casual', 'comfortable', 'ligero']",2,25.0,10
17,Pantalones de running deportivos Nike para mujer,2,22,adulto joven,mujer,spandex,negro,sport,slim,running,"Estos pantalones de running deportivos Nike para mujer son perfectos para correr por la ciudad o entrenar en el gimnasio. Con su tejido elástico de spandex, brindan comodidad y flexibilidad en cada movimiento. Además, su diseño ajustado y suave garantiza un ajuste perfecto en las piernas, mientras que su color negro intenso se ve elegante y sofisticado. Están diseñados para durar, con un corte moderno y una calidad que solo Nike puede ofrecer.","['pantalones deportivos', 'running', 'mujer', 'negro', 'spandex', 'ajuste ajustado', 'deportes', 'fitness', 'moda urbana', 'ropa de running', 'Nike', 'adulto joven', 'estilo sport']",27,102.0,8
18,Chinos Verdes Slim Fit para Oficina,2,21,juvenil,hombre,algodon,verde,business casual,slim,office,"Estos chinos verdes slim fit de Gap son perfectos para el hombre joven que busca combinar estilo y comodidad en su vestimenta de oficina. Con su tela de algodón suave y transpirable, son ideales para cualquier época del año. Además, su corte ajustado y su color verde intenso los convierten en una excelente opción para aquellos que buscan destacarse en el trabajo o en una reunión social, y pueden ser combinados con una camisa blanca y un blazer para un look más elegante o con una camiseta y zapatillas para un look más casual.","['Ropa de oficina', 'Chinos verdes', 'Slim fit', 'Moda juvenil', 'Hombre', 'Business casual', 'Algodón', 'Verano', 'Invierno', 'Oficina', 'Descanso', 'Elegancia', 'Comodidad']",17,67.0,2
19,Pantalones de running Puma azul cielo juvenil,2,22,juvenil,mujer,poliester,celeste,sport,slim,running,"Estos pantalones de running Puma son perfectos para la mujer juvenil que busca combinar estilo y comodidad en su rutina deportiva. Con su talle ajustado y su color celeste, estos pantalones son ideales para correr o hacer cualquier actividad al aire libre. Además, cuentan con un diseño innovador que incluye una banda reflejante en la parte lateral para mayor visibilidad en la oscuridad. Son ligeros, transpirables y tienen un bolsillo pequeño para guardar las llaves o el teléfono mientras te mantienes en movimiento.","['pantalones de running', 'mujer juvenil', 'deporte', 'poliester', 'celeste', 'estilo deportivo', 'talle ajustado', 'para correr', 'ropa deportiva', 'moda urbana', 'Puma', 'juvenil', 'mujer']",29,89.0,3
20,Cuello de tortuga elegante para niños,1,5,niño,unisex,rayon,beige,elegant,slim,office,"Esta camiseta de cuello de tortuga para niños es perfecta para ocasiones especiales en la oficina, con su tejido de rayón suave y suave color beige que le da un toque de elegancia. Con su ajuste slim y su estilo urbano, es ideal para niños que quieren lucir bien vestidos sin renunciar a la comodidad. Además, cuenta con un pequeño estampado de rayas finas en el cuello que le da un toque de personalidad a la prenda.","['moda infantil', 'ropa de oficina', 'unisex', 'elegante', 'cuello de tortuga', 'tejido de rayón', 'color beige', 'ajuste slim', 'Ralph Lauren', 'ropa para niños', 'estilo urbano', 'prenda básica', 'ropa de invierno']",30,137.0,5
21,Sudadera Oversize Carhartt para Invierno,1,7,adulto joven,unisex,fleece,blanco,casual,oversize,winter,"La sudadera oversize Carhartt es perfecta para los días más fríos del invierno. Confeccionada en fleece blanco, esta prenda ofrece un estilo casual y cómodo, ideal para el adulto joven que busca una ropa práctica y a la moda. La sudadera tiene un cuello alto y una capucha ajustable para protegerte del viento y el frío, y cuenta con bolsillos laterales para guardar tus manos o pequeños objetos. Además, su diseño oversize le da un toque relajado y urbano, perfecto para combinar con jeans o pantalones de deporte.","['Ropa de invierno', 'Sudaderas oversize', 'Moda unisex', 'Fleece blanco', 'Carhartt', 'Adulto joven', 'Estilo casual', 'Abrigos para frío', 'Prendas de punto', 'Sudaderas con capucha', 'Ropa de calle', 'Invierno urbano', 'Calentitas para invierno']",9,89.0,6
22,Sweater de Fleece Café para Niño,1,7,niño,hombre,fleece,cafe,casual,regular,casual,"Este sweater de fleece café es perfecto para los días frescos de invierno, gracias a su tejido suave y cálido. Con un estilo casual y un ajuste regular, es ideal para los niños que buscan una prenda cómoda y versátil. La parte delantera cuenta con un pequeño logotipo de J.Crew, mientras que la manga larga y el cuello redondo brindan una protección extra contra el frío. Además, el color café claro es fácil de combinar con cualquier tipo de pantalón o short, lo que lo convierte en una excelente opción para la ropa diaria.","['Sweater de invierno', 'Ropa para niños', 'Fleece suave', 'Color café', 'Estilo casual', 'Ajuste regular', 'J.Crew', 'Prenda básica', 'Ropa urbana', 'Para días frescos', 'Sweater con cuello redondo', 'Ideal para escolares']",21,65.0,1
23,Vaqueros Azules Relajados de Calvin Klein,2,13,adulto joven,unisex,denim,azul,streetwear,regular,daily,"Estos vaqueros azules relajados de Calvin Klein son ideales para un día a día lleno de estilo y comodidad. Confeccionados con denim de alta calidad, ofrecen un ajuste regular y un estilo streetwear que les da un toque urbano y moderno. Además, cuentan con detalles como cinco bolsillos y un cinturón ajustable, lo que los hace perfectos para llevar en cualquier ocasión, ya sea para ir al parque, al cine o simplemente para pasar el día con amigos.","['Vaqueros de moda', 'Ropa para adultos jóvenes', 'Streetwear', 'Denim de calidad', 'Azul intenso', 'Talle regular', 'Uso diario', 'Calvin Klein', 'Moda urbana', 'Ropa unisex', 'Estilo casual', 'Vaqueros para todos', 'Comodo y fresco']",8,64.0,5
24,Cuello de tortuga rojo Minimalista para niñas,1,5,niño,mujer,lana,rojo,minimalist,regular,office,"Esta camiseta de cuello de tortuga rojo es perfecta para la niña que busca un estilo elegante y minimalista para la oficina. Confeccionada con lana suave y cálida, esta prenda es ideal para los días fríos de invierno. La camiseta cuenta con un estampado de pequeñas flores blancas que le dan un toque femenino y delicado, y su corte regular se ajusta perfectamente al cuerpo. Es una excelente opción para cualquier ocasión formal o semiformal en la oficina.","['Ropa de oficina', 'Prendas de lana', 'Colores vibrantes', 'Estilo minimalista', 'Cuello de tortuga', 'Ropa para niñas', 'Marcas de moda', 'Ralph Lauren', 'Oficina elegante', 'Ropa de invierno', 'Prendas cálidas', 'Tendencias actuales']",30,118.0,10
25,Camiseta Morada Street Supreme,1,1,adulto mayor,hombre,poliester,morado,streetwear,slim,casual,"La camiseta morada Supreme es perfecta para aquellos que buscan un estilo streetwear único y cómodo. Confeccionada en poliéster transpirable, esta camiseta slim cuenta con un estampado minimalista en la parte delantera y un diseño fresco que te hará destacar en cualquier situación. Ideal para un día casual en la ciudad, esta camiseta es una excelente opción para adultos mayores que buscan mantener su estilo juvenil y urbano. Además, su color morado intenso te dará un toque de personalidad y estilo que seguro te hará destacar.","['Streetwear', 'Camisetas slim', 'Ropa para adultos mayores', 'Estilo urbano', 'Poliéster transpirable', 'Colores vibrantes', 'Moda casual', 'Supreme authentic', 'Tops para hombre', 'Verano en la ciudad', 'Ropa cómoda', 'Estampados mínimos', 'Colección Supreme']",32,91.0,1
26,Camisa de estilo clásico para niños de Tommy Hilfiger,1,2,niño,hombre,rayon,beige,formal,slim,daily,"Esta camisa de Tommy Hilfiger es perfecta para cualquier ocasión formal o informal, gracias a su diseño minimalista y su color beige que combina con todo. Hecha de rayon, esta camisa es suave y cómoda, ideal para el uso diario. Con su ajuste slim fit, esta camisa se ajusta perfectamente al cuerpo, dándole un toque de estilo y elegancia a cualquier look. Además, cuenta con un estampado de rayas finas que le dan un toque de personalidad y distinción.","['camisa formal', 'ropa para niños', 'estilo urbano', 'beige', 'rayon', 'slim fit', 'usage diario', 'hombre joven', 'ropa de vestir', 'camisa de manga larga', 'diseño minimalista', 'ropa de calidad', 'marca reconocida']",33,114.0,1
27,Leggings deportivos Nike Azul Cielo,2,18,juvenil,mujer,poliester,celeste,sport,compression,gym,"Estos leggings deportivos Nike de color celeste son ideales para mujeres jóvenes que buscan combinar estilo y comodidad en sus sesiones de entrenamiento. Con su tejido de poliester transpirable y compresión ajustada, proporcionan un ajuste perfecto y permiten una libertad de movimiento total. Además, cuentan con un diseño moderno y minimalista, con una banda lateral reflectante que añade un toque de estilo y seguridad durante los entrenamientos nocturnos. Son perfectos para cualquier tipo de actividad física, desde yoga hasta running, y se pueden combinar con una variedad de tops y zapatillas deportivas.","['Ropa deportiva', 'Leggings femeninos', 'Poliester transpirable', 'Gym y fitness', 'Mujer juvenil', 'Sport chic', 'Compresión ajustada', 'Color celeste pastel', 'Nike original', 'Moda deportiva urbana', 'Entrenamiento intenso', 'Ropa cómoda']",27,49.0,7
28,Pantalones de running Under Armour café slim para mujer,2,22,juvenil,mujer,spandex,cafe,sport,slim,running,"Estos pantalones de running Under Armour son ideales para mujeres jóvenes que buscan combinar estilo y comodidad. Confeccionados con spandex, ofrecen una gran elasticidad y libertad de movimiento, lo que los hace perfectos para entrenamientos intensos o sesiones de running. Además, su color café claro es versátil y se puede combinar con una variedad de colores y estilos, y su ajuste slim asegura un look moderno y deportivo. También cuentan con detalles como una cintura elástica y bolsillos laterales para llevar tus pertenencias esenciales mientras te mantienes en movimiento.","['pantalones de running', 'mujer', 'juvenil', 'café', 'slim fit', 'Under Armour', ' deportes', 'moda urbana', 'sport', 'spandex', 'track pants', 'ropa de running', 'comoda', 'ligera']",34,69.0,2
29,Shorts de verano para niño deportista,2,15,niño,hombre,poliester,verde,casual,slim,gym,"Estos shorts de verano para niño deportista son ideales para cualquier actividad al aire libre. Confeccionados en poliester transpirable y un corte slim fit, ofrecen comodidad y libertad de movimiento. El color verde olivo es fresco y divertido, perfecto para un niño que ama el deporte y la aventura. Además, tienen un bolsillo lateral con cremallera para guardar pequeños objetos, como una llave o un snack.","['Ropa deportiva', 'Shorts para niño', 'Verde olivo', 'Poliester transpirable', 'Slim fit', 'Gimnasio', 'Deporte', 'Moda casual', 'Ropa para niño activo', 'Verano', 'Comodo', 'Elegante', 'Practico']",19,17.0,6
30,Bra de Deporte Rojo Fuego,1,12,adulto joven,mujer,poliester,rojo,activewear,slim,training,"Este bra de deporte rojo es perfecto para entrenar con estilo y comodidad. Con su ajuste slim y su tejido de poliester transpirable, te mantendrá fresca y seca durante tus sesiones de yoga o entrenamiento en el gimnasio. Además, su color rojo intenso te dará un toque de pasión y energía para enfrentar cualquier desafío deportivo. Su diseño minimalista y elegante te permite combinarlo con cualquier tipo de ropa deportiva para crear un look único y deportivo.","['deporte', 'mujer', 'activewear', 'rojo', 'poliester', 'slim fit', 'entrenamiento', 'yoga', '-running', 'ciclismo', 'fitness', 'moda deportiva', 'ropa de mujer']",3,67.0,3
31,Camisa de lino negro slim-fit para caballeros,1,2,adulto mayor,hombre,lino,negro,business casual,slim,daily,"Esta camisa de lino negro es perfecta para los caballeros que buscan un estilo elegante y fresco para el día a día. Confeccionada con un tejido transpirable y suave, esta prenda es ideal para el verano. Su corte slim-fit y su estilo business casual la convierten en una excelente opción para el trabajo o para una salida nocturna. Además, su diseño sencillo y minimalista la hace versátil para combinar con distintos estilos y accesorios.","['camisa de lino', 'ropa para adultos mayores', 'estilo business casual', 'colores oscuros', 'tejido transpirable', 'prendas para diario', 'moda masculina', 'Zara hombre', 'slim fit', 'camisa negra', 'ropa de verano', 'outfit para trabajo', 'lino natural']",37,34.0,7
32,Braza Sport Celeste Niña,1,12,niño,mujer,poliester,celeste,sport,slim,gym,"La Braza Sport Celeste Niña es ideal para las jóvenes deportistas que buscan comodidad y estilo en su ropa de entrenamiento. Confeccionada en poliéster transpirable y un ajuste slim que se adapta a tu cuerpo, esta braza ofrece el mejor rendimiento durante tus sesiones de gimnasio. Además, cuenta con un diseño exclusivo que incluye detalles de costura reflejante y un logo de Lululemon en el lateral, lo que la hace perfecta para lucir en cualquier momento, ya sea en el gimnasio o en la calle.","['Deportiva', 'Braza para gimnasio', 'Ropa de niña', 'Mujer deportista', 'Poliester transpirable', 'Color celeste claro', 'Estilo sport chic', 'Ajuste slim', 'Lululemon calidad', 'Para entrenar', 'Braza cómoda', 'Sportswear para niñas', 'Moda deportiva juvenil']",25,82.0,4
33,Pantalones de entrenamiento Champion Beige Oversize,2,20,adulto mayor,hombre,poliester,beige,cozy,oversize,gym,"Estos pantalones de entrenamiento Champion son ideales para el hombre mayor que busca comodidad y estilo en su rutina de ejercicios. Confeccionados en poliéster de alta calidad, estos pantalones ofrecen un ajuste oversize relajado y un color beige que combina perfectamente con cualquier parte superior. Además, cuentan con detalles como bolsillos laterales para llevar tus pertenencias personales y una cintura elástica para un ajuste seguro. Perfectos para una sesión de entrenamiento intensa en el gimnasio o para un día relajado en casa.","['moda deportiva', 'pantalones oversize', 'hombre mayor', 'poliester', 'beige', 'gym', 'entrenamiento', 'cozy', 'Champion', 'calidad garantizada', 'vestimenta deportiva', 'comodidad absoluta', 'estilo relajado']",10,72.0,6
34,Camisa de gala slim fit amarilla de Ralph Lauren,1,6,adulto joven,hombre,poliester,amarillo,formal,slim,formal events,"La camisa de gala slim fit amarilla de Ralph Lauren es perfecta para eventos formales como bodas y galas. Confeccionada en poliéster de alta calidad, esta camisa cuenta con un cuello alto y manga larga, y presenta un estampado sutil de rayas diagonales que le dan un toque de elegancia. El amarillo intenso es un color que llama la atención y se combina a la perfección con un traje negro o gris. Además, la camisa cuenta con un bolsillo en el pecho para guardar pequeños objetos, como un reloj o un llavero.","['camisas de gala', 'hombre joven', 'eventos formales', 'amarillo brillante', 'poliéster de alta calidad', 'tuxedo moderno', 'vestir con estilo', 'fiestas de noche', 'ropa de lujo', 'Ralph Lauren', 'moda urbana', 'ropa para hombre', 'amarillo intenso']",30,841.0,10
35,Tops de entrenamiento negro intenso,1,3,niño,hombre,algodon,negro,streetwear,regular,gym,"Este tops de entrenamiento negro intenso de Gymshark es perfecto para los niños que aman el deporte y la moda urbana. Con su diseño streetwear y su tejido de algodon suave, te sentirás fresco y cómodo durante tus sesiones de entrenamiento. Además, cuenta con un estampado de rayas grises en la parte delantera y una pequeña etiqueta de la marca en la parte trasera, lo que le da un toque de estilo y personalidad. Es ideal para usar en el gym o para cualquier actividad al aire libre.","['Ropa deportiva', 'Streetwear', 'Tank top', 'Gymshark', 'Hombre', 'Niño', 'Algodon', 'Negro', 'Regular fit', 'Para entrenar', 'Moda urbana', 'Deportes extremos', 'Ropa para gym']",18,46.0,5
36,"Camiseta de cuello en V de mujer, color café claro con estampado de flores",1,10,adulto mayor,mujer,rayon,cafe,casual,regular,daily,"Esta camiseta de cuello en V es perfecta para cualquier ocasión diaria, gracias a su tejido de rayón suave y su color café claro que combina con cualquier cosa. El estampado de flores le da un toque femenino y elegante, ideal para mujeres mayores que buscan una prenda cómoda y versátil. Puedes usarla con jeans, falda o pantalones, y es perfecta para ir al trabajo, hacer compras o salir con amigas.","['camisetas de mujer', 'ropa casual', 'cuello en V', 'color café', 'tejido de rayón', 'uso diario', 'estampado de flores', 'mujer mayor', 'moda urbana', 'ropa para todos los días', 'cómoda', 'versátil', 'H&M', 'básico', 'elegante']",19,18.0,5
37,Pantalones de jogging ajustados para mujer,2,14,adulto joven,mujer,algodon,negro,streetwear,slim,gym,"Estos pantalones de jogging ajustados para mujer son ideales para una sesión de entrenamiento en el gimnasio o para un día casual en la ciudad. Confeccionados con algodon transpirable y un ajuste slim, te brindarán la comodidad y el estilo que necesitas. La parte inferior de los pantalones cuenta con una pequeña banda elástica para un ajuste perfecto, y el bolsillo trasero tiene un pequeño cierre de cremallera para guardar tus objetos personales. Además, el estilo streetwear que los caracteriza los hace ideales para combinar con una camiseta grafica y zapatillas deportivas para un look urbano y moderno.","['ropa deportiva', 'mujer joven', 'joggers ajustados', 'algodon transpirable', 'color negro', 'estilo streetwear', 'para entrenar', 'cómodos', 'moda urbana', 'Champion', 'ropa para el gimnasio', 'ajustados y elegantes']",10,35.0,4
38,Camisa Roja Minimalista para Niño,1,10,niño,hombre,algodon,rojo,minimalist,slim,casual,"Esta camisa roja minimalista de Gap es perfecta para los niños que buscan un estilo fresco y cómodo. Con su tela de algodón transpirable y su corte ajustado, esta camisa es ideal para un día de verano en el parque o una tarde de juegos con amigos. La camisa cuenta con un discreto estampado de rayas finas en el cuello y una pequeña etiqueta de la marca en la manga, lo que le da un toque de personalidad a este diseño sencillo.","['camisa roja', 'moda infantil', 'estilo minimalista', 'algodon transpirable', 'ropa casual', 'niño estilo urbano', 'camisa v cuello', 'ropa de verano', 'tela suave', 'diseño sencillo', 'ropa para niños activos', 'modaGap']",17,41.0,3
39,Camiseta deportiva negra ajustada de Champion,1,1,adulto joven,hombre,poliester,negro,sport,slim,gym,"La camiseta deportiva negra ajustada de Champion es ideal para tus sesiones de entrenamiento en el gimnasio. Confeccionada en poliéster transpirable, esta camiseta te mantendrá fresco y seco durante tus rutinas más intensas. Además, cuenta con un diseño minimalista y elegante que te permitirá lucirte en cualquier ocasión, ya sea en el gym o en la calle. La camiseta también tiene un pequeño logotipo de Champion en el pecho y una banda lateral con un estampado de rayas finas que le da un toque deportivo y moderno.","['camiseta deportiva', 'ropa para hombre', 'negro', 'ajustada', 'poliéster', 'gym', 'entrenamiento', 'running', 'ciclismo', 'Champion', 'moda urbana', 'ropa para adultos jóvenes', 'estilo deportivo']",10,21.0,9
40,Camisa Linen Slim Fit para Hombre,1,2,juvenil,hombre,lino,blanco,business casual,slim,daily,"La Camisa Linen Slim Fit para Hombre es una excelente opción para aquellos que buscan una prenda cómoda y elegante para su vida diaria. Confeccionada en tejido de lino de alta calidad, esta camisa cuenta con un estilo business casual que la hace perfecta para el trabajo o para una salida con amigos. Su diseño slim fit y cuello alto le dan un toque de sofisticación, mientras que los estampados sutiles en tonos claros le aportan un toque de personalidad. Además, su color blanco puro la hace versátil y fácil de combinar con cualquier pantalón o short.","['camisas blancas', 'ropa juvenil', 'estilo business casual', 'tejido de lino', 'tallas slim', 'prendas para diario', 'moda masculina', 'Banana Republic', 'camisas con cuello alto', 'vestimenta para trabajo', 'ropa comoda', 'estampados sutiles', 'conjuntos para primavera']",6,135.0,8
41,Jogger Deportiva Beige Oversize Mujer,2,14,adulto mayor,mujer,fleece,beige,sport,oversize,casual,"La jogger deportiva Beige Oversize Mujer de Adidas es perfecta para mujeres activas que buscan comodidad y estilo en su ropa deportiva. Confeccionada en fleece suave y cálido, estas joggers ofrecen un ajuste oversize relajado y una libertad de movimiento total. Además, cuentan con detalles como bolsillos laterales para llevar tus pertenencias personales y un cinturón ajustable para un ajuste personalizado. Son ideales para practicar deportes al aire libre, como caminar o correr, o simplemente para un día casual en la ciudad.","['Ropa deportiva', 'Joggers mujer', 'Pantalones beige', 'Fleece suave', 'Ropa casual', 'Moda urbana', 'Adidas mujer', 'Prendas oversize', 'Deportes al aire libre', 'Ropa para caminar', 'Pantalones sport', 'Mujer activa', 'Ropa para entrenar']",2,92.0,4
42,Pantalones de cargo blancos de estilo aventurero,2,16,adulto joven,mujer,algodon,blanco,utility,regular,outdoor,"Estos pantalones de cargo blancos de ASOS son perfectos para una aventura al aire libre, ya sea un paseo por la montaña o un día en la ciudad. Con su estilo utility y ajuste regular, te brindan la comodidad y la libertad de movimiento que necesitas. Además, cuenta con bolsillos laterales para llevar tus pertenencias esenciales, como el teléfono y las llaves, y una cintura elástica para un ajuste personalizado. Son ideales para una mujer joven que busca una prenda versátil y práctica para su día a día.","['Ropa de mujer', 'Pantalones cargo', 'Algodón', 'Blanco', 'Estilo utility', 'Ajuste regular', 'Para actividades al aire libre', 'Moda urbana', 'Ropa casual', 'Pantalones de aventura', 'Mujer joven', 'ASOS', '53 dolares', 'Pantalones cómodos']",1,53.0,3
43,Vaqueros Slim Negros CK para Niños,2,13,niño,unisex,denim,negro,casual,slim,casual,"Estos vaqueros slim negros de Calvin Klein son perfectos para niños que buscan un estilo casual y cómodo. Confeccionados con denim de alta calidad, estos pantalones tienen un ajuste slim que se adapta a la perfección a cualquier silueta. Además, cuentan con bolsillos laterales y un cinturón ajustable para un ajuste perfecto. Ideal para un día en el parque o una salida con amigos, estos vaqueros son una excelente opción para cualquier ocasión.","['Vaqueros ajustados', 'Ropa de niño', 'Moda urbana', 'Denim de calidad', 'Negro intenso', 'Estilo casual', 'Slim fit', 'Unisex', 'Ropa para niños', 'Calvin Klein', 'Jeans para niños', 'Prendas básicas', 'Ropa para todos los días']",8,65.0,3
44,Pantalones de running Adidas Slim Fit Beige,2,22,juvenil,mujer,spandex,beige,streetwear,slim,running,"Estos pantalones de running Adidas son ideales para mujeres juveniles que buscan combinar estilo y comodidad. Con su ajuste slim fit y fabricado en spandex, proporcionan una gran libertad de movimiento y flexibilidad. Además, su color beige claro les da un toque elegante y versátil, perfecto para combinar con cualquier parte superior. Son perfectos para entrenamientos ligeros o sesiones de running intensas, ya que tienen un diseño transpirable y secado rápido que mantiene la piel seca y fresca.","['pantalones deportivos', 'ropa de running', 'mujer juvenil', 'streetwear', 'slim fit', 'spandex', 'beige claro', 'comodidad', 'performance', 'Adidas originals', 'moda urbana', 'running ligero', 'entrenamiento']",2,81.0,8
45,Falda casual café con vuelo,2,19,adulto joven,mujer,algodon,cafe,casual,slim,daily,"Esta falda casual de color café es perfecta para un look relajado y natural. Confeccionada en algodón suave, esta falda slim es ideal para mujeres jóvenes que buscan una prenda cómoda y versátil para su día a día. La falda tiene un vuelo ligero y un corte recto que la hace perfecta para combinar con una camiseta básica y un par de zapatillas deportivas para un look urbano y moderno.","['falda slim', 'ropa casual', 'mujer joven', 'algodón suave', 'color café', 'estilo relajado', 'para diario', 'moda urbana', 'H&M', 'precio asequible', 'falda ligera', 'perfecta para primavera', 'look natural']",19,19.0,3
46,Camiseta amarilla slim fit para niñas,1,10,niño,mujer,algodon,amarillo,minimalist,slim,daily,"La camiseta amarilla slim fit para niñas es perfecta para un día soleado en el parque o para una tarde jugando con amigas. Con su estilo minimalista y su ajuste slim, esta camiseta es ideal para las niñas que buscan una prenda cómoda y elegante. La camiseta cuenta con un estampado de pequeñas flores blancas que le dan un toque femenino y divertido, y su tejido de algodón suave garantiza una comodidad total durante todo el día. Además, su cuello en v forma le da un toque especial y moderno.","['camisetas para niñas', 'moda urbana', 'amarillo brillante', 'algodón suave', 'estilo minimalista', 'ajuste slim', 'para usar diario', 'verano', 'primavera', 'niñas fashion', 'ropa para niñas Gap', 'camisetas v neck', 'moda para niños']",17,25.0,10
47,Joggers Negro Slim para Hombre,2,14,adulto mayor,hombre,poliester,negro,casual,slim,casual,"Estos joggers negros slim para hombre son ideales para un look casual y deportivo. Hechos de poliester, son suaves y cómodos, perfectos para correr, entrenar o simplemente para un día relajado. Con su ajuste slim, se adaptan perfectamente a la forma del cuerpo, y su color negro es versátil y fácil de combinar con cualquier prenda. Además, cuentan con bolsillos laterales para llevar tus pertenencias personales de manera práctica.","['Pantalones deportivos', 'Ropa casual', 'Hombre mayor', 'Poliester', 'Negro', 'Slim fit', 'Comodidad', 'Ropa para correr', 'Ropa para entrenar', 'Moda urbana', 'H&M', 'Barato', 'Calidad']",19,19.0,2
48,Camisa Morada Casual de Rayón para Oficina,1,2,adulto joven,mujer,rayon,morado,casual,slim,office,"La camisa morada casual de rayón para oficina de Tommy Hilfiger es perfecta para un look relajado y elegante en el trabajo. Con un estilo casual y un ajuste slim, esta camisa es ideal para mujeres jóvenes que buscan una prenda cómoda y versátil. La camisa cuenta con un estampado de flores sutiles en tonos pastel que añaden un toque de feminidad y frescura, y su tejido de rayón la hace fresca y transpirable, perfecta para días calurosos en la oficina.","['camisas casual', 'mujer', 'adulto joven', 'oficina', 'Tommy Hilfiger', 'rayón', 'morado', 'estilo relajado', 'ajuste slim', 'para trabajo', 'ropa de mujer', 'moda urbana', 'verano']",33,136.0,9
49,Camisa Slim de Lino Celeste para Oficina,1,2,adulto joven,unisex,lino,celeste,casual,slim,office,"La Camisa Slim de Lino Celeste para Oficina es una excelente opción para aquellos que buscan un estilo casual y elegante para el trabajo. Confeccionada en lino fresco y de color celeste claro, esta camisa cuenta con un estampado de rayas finas que le da un toque de sofisticación. Además, su corte slim fit se ajusta perfectamente al cuerpo, lo que la hace ideal para combinar con pantalones o faldas en el trabajo. La marca Banana Republic garantiza la calidad y el estilo de esta camisa, que es perfecta para cualquier ocasión en la oficina.","['camisa casual', 'lino fresco', 'celeste claro', 'estilo oficina', 'unisex', 'adulto joven', 'slim fit', ' Banana Republic', 'ropa de trabajo', 'verano', 'primavera', 'invierno ligero', 'outfit elegante']",6,134.0,2
50,Vaqueros Beige Slim Fit para Mujer,2,13,adulto mayor,mujer,denim,beige,casual,slim,casual,"Estos vaqueros beige slim fit de la marca Lee son perfectos para una mujer adulta mayor que busca una prenda cómoda y versátil. Con su tejido de denim de alta calidad y su corte ajustado, son ideales para un día relajado en la ciudad o una noche con amigos. Además, su color beige claro los hace muy fáciles de combinar con blusas y chaquetas de colores vivos, y su precio de 48 euros los hace muy asequibles. Estos pantalones también tienen detalles como bolsillos laterales y un cinturón ajustable para un ajuste perfecto.","['Vaqueros mujer', 'Beige', 'Slim fit', 'Ropa casual', 'Denim', 'Adulto mayor', 'Moda urbana', 'Pantalones mujer', 'Lee', '48 euros', 'Ropa de mujer', 'Estilo relajado', 'Pantalones beige']",23,48.0,5
51,Camiseta Oversize Café con Estampado Minimalista,1,1,adulto joven,unisex,rayon,cafe,minimalist,oversize,daily,"La camiseta oversize café con estampado minimalista es perfecta para un look casual y relajado. Confeccionada con tejido de rayón suave y cómodo, esta camiseta unisex es ideal para jóvenes que buscan una prenda versátil y fácil de combinar. El estampado minimalista y el color café con leche le dan un toque elegante y sofisticado, mientras que la talla oversize proporciona una comodidad extra. Puedes combinarla con unos jeans ajustados y unas zapatillas para un look urbano y moderno.","['camiseta unisex', 'ropa casual', 'estampado minimalista', 'café con leche', 'tejido de rayón', 'talla oversize', 'para jóvenes', 'moda urbana', 'daily wear', 'Supreme quality', 'camisetas cómodas', 'tendencias actuales', 'outfit básico']",32,112.0,3
52,Tanque de verano rosado para caballero,1,3,adulto mayor,hombre,algodon,rosado,casual,regular,summer,"Esta tanque de verano rosado para caballero es perfecta para mantenerse fresco y cómodo durante los días calurosos. Confeccionada en algodón transpirable, esta camiseta de Adidas cuenta con un diseño casual y un toque de estilo con su color rosado pastel. Además, presenta un estampado de rayas finas en la parte inferior, lo que le da un toque de personalidad y frescura. Ideal para actividades al aire libre, como correr, hacer senderismo o simplemente disfrutar del sol en el parque.","['Ropa de verano', 'Camisetas para hombre', 'Algodón transpirable', 'Rosado pastel', 'Estilo casual', 'Verano caluroso', 'Ropa deportiva', 'Adidas original', 'Tops para adulto mayor', 'Moda urbana', 'Comoda y fresca', 'Para días soleados', 'Talle regular']",2,35.0,9
53,Falda beige otoñal de lana,2,19,adulto joven,mujer,lana,beige,streetwear,regular,daily,"Esta falda beige de lana es perfecta para el otoño, con un estilo streetwear que se adapta a cualquier ocasión diaria. La lana suave y cálida te mantendrá abrigada en los días frescos, y el corte regular te dará una silueta femenina y elegante. Puedes combinarla con una camiseta blanca y botas negras para un look casual y chic, o con un suéter grueso y una chaqueta de cuero para un estilo más urbano y atrevido.","['falda streetwear', 'moda urbana', 'ropa para mujer', 'lana beige', 'estilo casual', 'dia a dia', 'outfit otoñal', 'Free People', 'ropa para adulto joven', 'falda regular', 'moda joven', 'tendencias actuales']",16,75.0,8
54,Sutra Verde Intenso,1,12,adulto mayor,mujer,spandex,verde,sport,compression,gym,"La Sutra Verde Intenso es un sujetador deportivo de compresión diseñado para mujeres adultas mayores que buscan un rendimiento óptimo en sus sesiones de entrenamiento. Confeccionado con spandex de alta calidad, ofrece una comodidad y flexibilidad únicas, permitiendo un movimiento libre y natural. Además, cuenta con un diseño aerodinámico y un corte ajustado que proporciona un soporte y estabilidad excepcionales, lo que la hace ideal para actividades como el running, el yoga o el entrenamiento de fuerza en el gimnasio.","['Deportiva', 'Bra de compresión', 'Ropa de running', 'Verde intenso', 'Spandex', 'Lululemon', 'Mujer', 'Adulto mayor', 'Gimnasio', 'Yoga', 'Fitness', 'Moda deportiva', 'Ropa de alta calidad']",25,72.0,5
55,Shorts de denim blancos ajustados para entrenar,2,15,adulto joven,unisex,denim,blanco,casual,slim,gym,"Estos shorts de denim blanco son ideales para entrenar en el gimnasio o correr por la ciudad. Con su ajuste slim y estilo casual, te brindan la comodidad y el estilo que necesitas para mantener tu rutina deportiva. Además, tienen un pequeño bolsillo lateral para guardar tus llaves o teléfono, y un diseño minimalista que los hace versátiles para combinar con cualquier parte superior. Son una excelente opción para aquellos que buscan ropa deportiva de alta calidad y estilo urbano.","['Ropa deportiva', 'Shorts de verano', 'Denim blanco', 'Estilo casual', 'Ajuste slim', 'Para entrenar', 'Ropa unisex', 'Moda joven', 'Zara original', 'Prendas para gimnasio', 'Shorts para correr', 'Ropa cómoda', 'Prendas deportivas']",37,31.0,3
56,Pantalones de vestir beige elegantes para juventud,2,17,juvenil,mujer,poliester,beige,business casual,slim,office,"Estos pantalones de vestir beige son ideales para la juventud que busca un estilo empresarial con un toque de elegancia. Confeccionados con poliéster suave y un corte slim, son perfectos para un día en la oficina. Además, cuentan con detalles como bolsillos laterales y una cintura ajustable para un ajuste cómodo. Su estilo business casual los hace versátiles para combinar con blusas y chaquetas de acuerdo a la ocasión.","['Pantalones de vestir', 'Beige claro', 'Mujer juvenil', 'Oficina', 'Estilo empresarial', 'Slim fit', 'Poliéster suave', 'Ropa de trabajo', 'Elegancia diaria', 'Brooks Brothers', 'Moda urbana', 'Business casual']",7,220.0,9
57,Pantalones de cargo Stussy para niña aventurera,2,16,niño,mujer,algodon,cafe,casual,regular,outdoor,"Estos pantalones de cargo Stussy para niña son ideales para cualquier aventura al aire libre. Con su tela de algodón suave y transpirable, y su color café versátil, pueden ser combinados con cualquier parte superior para crear un look casual y cómodo. Además, cuentan con múltiples bolsillos para llevar todos tus utensilios y accesorios esenciales, como un teléfono, una cámara o un snack. Son perfectos para un día de senderismo, una jornada en la escuela o simplemente para disfrutar del parque con amigos.","['pantalones de cargo', 'ropa para niñas', 'algodón', 'color café', 'estilo casual', 'ajuste regular', 'uso al aire libre', 'para senderismo', 'para escuela', 'para actividades deportivas', 'moda urbana', 'Stussy', 'calidad garantizada']",31,143.0,1
58,Pantalones cargo juveniles gris oscuro con bolsillos practicos,2,16,juvenil,unisex,algodon,gris,utility,regular,casual,"Estos pantalones cargo de color gris oscuro son ideales para el diario de cualquier joven. Confeccionados en algodon transpirable y un estilo utility que los hace perfectos para actividades al aire libre, cuentan con bolsillos amplios y practicos para llevar todos tus objetos personales. Además, su cintura ajustable y su tejido suave los hacen muy comodos de usar, ideal para un dia en la escuela o para salir con amigos.","['pantalones cargo', 'moda juvenil', 'ropa unisex', 'algodon transpirable', 'estilo utility', 'colores neutros', 'pantalones para diario', 'bolsillos amplios', 'cintura ajustable', 'tejido suave', 'fashion casual', 'ropa para adolescentes', 'pantalones para escuela']",19,28.0,4
59,Camiseta azul v-neck minimalista para adulto mayor,1,10,adulto mayor,unisex,algodon,azul,minimalist,slim,casual,"Esta camiseta azul v-neck es perfecta para un look casual y fresco en verano. Confeccionada en suave tejido de algodón, cuenta con un diseño minimalista que la hace ideal para combinar con shorts o pantalones. La silueta ajustada y el cuello en v-neck le dan un toque elegante a esta prenda básica, mientras que el color azul claro la hace perfecta para un día soleado. Además, cuenta con un pequeño estampado de rayas blancas en el pecho, lo que le añade un toque de personalidad a este clásico diseño.","['camisetas casuales', 'ropa para adultos mayores', 'estilo minimalista', 'tejido de algodón', 'azul claro', 'v-neck', ' ajuste slim', 'moda unisex', 'prenda básica', 'outfit casual', 'verano', 'ocio']",1,23.0,10
60,Blazer Azul Noche de Armani,1,6,adulto joven,mujer,poliester,azul,luxury,tailored,formal events,"El Blazer Azul Noche de Armani es una prenda exclusiva diseñada para mujeres jóvenes que buscan lucir elegantes y sofisticadas en eventos formales. Confeccionado en poliéster de alta calidad, este blazer presenta un estilo luxury con un toque moderno y un corte tailoreado que realza la figura femenina. Su color azul intenso es perfecto para combinar con un vestido o una falda y crear un look impresionante, mientras que los detalles como los botones dorados y el forro de seda adds un toque de glamour a esta prenda única.","['Blazer de mujer', 'Ropa formal', 'Azul intenso', 'Poliéster de alta calidad', 'Diseño italiano', 'Luxury fashion', 'Trajes de noche', 'Moda elegante', 'Armani mujer', 'Prendas tailores', 'Eventos especiales', 'Ropa de gala', 'Estilo sofisticado', 'Clásico con toque moderno']",5,965.0,5
61,Falda Celeste Libre,2,19,adulto mayor,mujer,algodon,celeste,streetwear,regular,office,"La Falda Celeste Libre de Free People es una prenda perfecta para cualquier mujer mayor que busque combinar comodidad y estilo en su vestuario de trabajo. Confeccionada en algodón suave y ligero, esta falda streetwear tiene un estilo urbano y un corte regular que favorece a cualquier figura. Además, su color celeste claro es ideal para cualquier época del año, ya sea en invierno o verano, y se puede combinar con una variedad de blusas y accesorios para crear un look único y personalizado.","['Falda streetwear', 'Ropa para oficina', 'Mujer mayor', 'Algodón suave', 'Color celeste claro', 'Estilo urbano', 'Regular fit', 'Free People', 'Moda cómoda', 'Vestuario de trabajo', 'Prenda básica', 'Invierno y verano']",16,87.0,2
62,Pantalones de running Nike gris oscuro slim fit,2,22,juvenil,unisex,poliester,gris,streetwear,slim,running,"Estos pantalones de running de Nike son perfectos para aquellos que buscan combinar estilo y comodidad. Con su diseño slim fit y su tela de poliester resistente, te permiten moverte con libertad y seguridad. Además, su color gris oscuro es ideal para combinar con cualquier parte superior, y su estilo streetwear te dará un toque de frescura y modernidad. Los pantalones también cuentan con refuerzos en las rodillas y un cinturón ajustable para un ajuste personalizado.","['pantalones deportivos', 'running', 'streetwear', 'juvenil', 'unisex', 'poliester', 'gris oscuro', 'slim fit', 'moda urbana', 'ropa para correr', 'calidad Nike', 'estilo casual', 'comodo y ligero']",27,74.0,6
63,Top Azul Slim de Verano para Juvenil,1,3,juvenil,unisex,poliester,azul,casual,slim,summer,"Este top azul slim de verano es perfecto para los días calurosos, con un diseño casual y fresco que te hará sentir cómodo y relajado. Está confeccionado con poliéster transpirable para mantener tu piel seca y fresca, y su estilo unisex lo hace ideal para cualquier juvenil que busque una prenda versátil y cómoda. Además, cuenta con un estampado de rayas finas en el pecho que le da un toque de personalidad y estilo.","['ropa juvenil', 'camisetas slim', 'tops de verano', 'azul claro', 'poliéster transpirable', 'moda urbana', 'estilo casual', 'unisex', 'Champion original', 'verano fresco', 'tank tops', 'moda joven']",10,21.0,8
64,Pantalones de deporte gris oversize Nike para niños,2,20,niño,unisex,algodon,gris,cozy,oversize,home,"Estos pantalones de deporte gris oversize de Nike son ideales para un día relajado en casa con los amigos o para una sesión de entrenamiento intensa. Hechos de algodón suave y transpirable, te brindan la comodidad que necesitas para moverte con libertad. Con su diseño oversize y su color gris oscuro, son perfectos para combinar con cualquier parte superior de tu armario. Además, cuentan con detalles como cintura elástica y bolsillos laterales para guardar tus cosas.","['Ropa deportiva', 'Pantalones de algodón', 'Gris oscuro', 'Moda urbana', 'Ropa para niños', 'Unisex', 'Pantalones anchos', 'Comodidad', 'Ropa para casa', 'Nike', 'Deporte', 'Moda casual', 'Invierno']",27,94.0,4
65,Vaqueros blancos Baggy para adultos mayores,2,13,adulto mayor,unisex,denim,blanco,casual,baggy,daily,"Estos vaqueros blancos baggy de Zara son perfectos para un look relajado y cómodo. Hechos de tela de denim de alta calidad, son ideales para el verano y pueden ser combinados con una variedad de prendas superiores para crear un outfit único. Con su estilo casual y su ajuste suelto, son perfectos para adultos mayores que buscan una ropa práctica y versátil. Además, su color blanco los hace ideales para complementar con estampados o colores vibrantes, permitiendo crear un look personalizado y divertido.","['Vaqueros blancos', 'Ropa de diario', 'Estilo casual', 'Tela de denim', 'Pantalones cómodos', 'Moda urbana', 'Ropa para adultos mayores', 'Prendas básicas', 'Outfit relajado', 'Pantalones de verano', 'Vaqueros sueltos', 'Ropa para todos los días']",37,50.0,9
66,Camisa Henley de Rayón Blanco para Hombre,1,9,adulto mayor,hombre,rayon,blanco,casual,regular,daily,"La Camisa Henley de Rayón Blanco para Hombre es una prenda básica y versátil que se adapta a cualquier ocasión. Confeccionada con un tejido de rayón suave y transpirable, esta camisa cuenta con un estilo casual y un ajuste regular que la hace perfecta para el diario. Además, su color blanco puro la hace ideal para combinar con pantalones o shorts de cualquier color, y su cuello henley le da un toque de elegancia. La camisa también cuenta con un pequeño estampado de rayas finas en la parte delantera, lo que la hace aún más atractiva y única.","['camisetas casuales', 'moda para adultos mayores', 'ropa de diario', 'estilo relajado', 'tejido de rayón', 'color blanco', 'ajuste regular', 'marca Gap', 'prenda básica', 'verano', 'invierno', 'primavera', 'otono']",17,45.0,6
67,Pantalones de vestir verdes para señoras de distinción,2,17,adulto mayor,mujer,poliester,verde,business casual,tailored,formal events,"Estos pantalones de vestir verdes para señoras de distinción son perfectos para cualquier evento formal, ya sea un encuentro de negocios o una cena de gala. Confeccionados en poliéster resistente y con un corte ajustado que realza la figura, estos pantalones son una excelente opción para cualquier mujer mayor que busque combinar estilo y comodidad. Además, el color verde esmeralda es ideal para cualquier época del año y se puede combinar con una variedad de colores y estilos, desde un blazer clásico hasta un top moderno y atrevido.","['Pantalones de vestir', 'Verde esmeralda', 'Mujer mayor', 'Ralph Lauren', 'Poliéster resistente', 'Corte ajustado', 'Eventos formales', 'Negocios y elegancia', 'Pantalones para trabajo', 'Verano e invierno', 'Clásico y sofisticado', 'Pantalones cómodos']",30,149.0,2
68,Camisa deportiva celeste streetwear para mujer,1,1,adulto mayor,mujer,poliester,celeste,streetwear,slim,gym,"La camisa deportiva celeste de Champion es perfecta para mujeres mayores que buscan una prenda cómoda y versátil para sus sesiones de entrenamiento en el gimnasio. Con su tejido de poliéster transpirable y su estilo streetwear, esta camisa es ideal para mantenerse fresca y cómoda durante las actividades físicas. Además, su diseño slim fit y su color celeste suave la hacen perfecta para combinar con leggings o shorts para un look deportivo y casual. La camisa también cuenta con un discreto estampado de rayas en el pecho, lo que le da un toque de estilo y personalidad.","['Moda urbana', 'Ropa deportiva', 'Mujer mayor', 'Streetwear femenino', 'Poliéster transpirable', 'Colores pastel', 'Slim fit', 'Gimnasio', 'Entrenamiento', 'Deportes', 'Champion calidad', 'Estilo casual', 'Verano']",10,44.0,3
69,Vaqueros Celestes Relajados,2,13,adulto joven,hombre,denim,celeste,casual,regular,casual,"Estos vaqueros celestes relajados son perfectos para un día casual en la ciudad. Confeccionados con denim fresco y de alta calidad, ofrecen un ajuste regular y una comodidad sin igual. El color celeste pastel les da un toque de frescura y estilo, ideal para combinar con camisetas blancas o negras y un par de zapatillas deportivas. Además, cuenta con detalles como bolsillos laterales y una cintura elástica para un ajuste perfecto.","['Vaqueros de moda', 'Ropa casual', 'Denim fresco', 'Colores pastel', 'Moda urbana', 'Ropa para hombre', 'Estilo relajado', 'Vaqueros ajustados', 'Prendas de verano', 'Ropa cómoda', 'Tendencias actuales', 'Zara original']",37,73.0,10
70,Pantalones de vestir gris lana para caballeros,2,17,adulto mayor,hombre,lana,gris,formal,tailored,office,"Estos pantalones de vestir gris de lana son ideales para el caballero que busca un look elegante y sofisticado para su día a día en la oficina. Con su talle ajustado y su estilo clásico, se ajustan perfectamente a cualquier cuerpo y ofrecen una sensación de comodidad y frescura gracias a la lana de alta calidad con la que están fabricados. Además, cuentan con detalles como una costura lateral y un bolsillo trasero con cremallera, lo que los hace aún más prácticos y versátiles.","['Pantalones de lana', 'Ropa formal', 'Para oficina', 'Hombre mayor', 'Estilo clásico', 'Talle ajustado', 'Color gris', 'Fabricado en lana', 'Ropa de invierno', 'Banana Republic', 'Calidad premium', 'Elegancia masculina']",6,91.0,10
71,Pantalones de entrenamiento verde oversize Carhartt,2,20,niño,hombre,algodon,verde,casual,oversize,gym,"Los pantalones de entrenamiento verde oversize Carhartt son ideales para los niños que aman el deporte y la aventura. Con su tejido de algodón transpirable y su diseño casual, estos pantalones son perfectos para una sesión de entrenamiento en el gimnasio o para una salida al aire libre con amigos. Además, su talle oversize y su color verde militar los hacen muy cómodos y versátiles, permitiendo que se puedan combinar con una variedad de prendas y accesorios. Con su calidad y durabilidad característica de la marca Carhartt, estos pantalones son una excelente opción para cualquier niño que busque una prenda deportiva confiable y cómoda.","['pantalones de deporte', 'ropa para gimnasio', 'algodón transpirable', 'estilo casual', 'talle oversize', 'verde militar', 'ropa para niños', 'prendas de entrenamiento', 'moda urbana', 'carhartt auténtico', 'pantalones cómodos', 'para actividades al aire libre']",9,119.0,1
72,Camiseta deportiva amarilla con diseño dinámico,1,1,juvenil,hombre,spandex,amarillo,sport,regular,gym,"La camiseta deportiva amarilla con diseño dinámico es ideal para tus sesiones de entrenamiento en el gimnasio. Confeccionada con spandex, ofrece una gran comodidad y flexibilidad, permitiéndote moverte con libertad. El estampado de rayas horizontales en el pecho y la espalda le da un toque de estilo y personalidad, mientras que el cuello redondo y la manga corta garantizan una gran ventilación y transpiración.","['camiseta de entrenamiento', 'ropa deportiva', 'hombre', 'juvenil', 'amarillo', 'spandex', 'sport', 'gym', 'Champion', 'regular fit', 'diseño deportivo', 'estampado de rayas', 'camiseta transpirable']",10,29.0,10
73,Joggers Beige Urbanos de Adidas para Caballeros,2,14,adulto mayor,hombre,poliester,beige,streetwear,slim,casual,"Estos joggers beige urbanos de Adidas son ideales para un look casual y deportivo. Confeccionados con poliester transpirable, garantizan comodidad y frescura en cualquier época del año. La forma slim y el estilo streetwear los convierten en la opción perfecta para un día de ciudad o para una sesión de entrenamiento. Además, cuentan con un bolsillo lateral para llevar tus pertenencias de manera segura y práctica.","['Ropa deportiva', 'Streetwear', 'Moda urbana', 'Pantalones slim', 'Beige claro', 'Poliester transpirable', 'Adidas originales', 'Ropa casual', 'Verano', 'Invierno', 'Otoño', 'Primavera', 'Joggers para hombre', 'Ropa cómoda']",2,49.0,9
74,Falda Street Urbana Noche,2,19,juvenil,mujer,algodon,negro,streetwear,regular,daily,"La Falda Street Urbana Noche es el complemento perfecto para cualquier look juvenil y divertido. Confeccionada en algodón suave y resistente, esta falda negra intenso es ideal para un día en la ciudad o una noche en el pueblo. La falda tiene un corte asimétrico en la parte inferior y un pequeño bolsillo lateral para llevar tus cosas esenciales. Puedes combinarla con una camiseta blanca y zapatillas deportivas para un look relajado o con un top brillante y tacones para una noche de fiesta.","['Moda urbana', 'Ropa para mujeres jóvenes', 'Falda de algodón', 'Negro intenso', 'Streetwear chic', 'Vestido para salir', 'Ropa diaria', 'Mango estilo', 'Juvenil y divertida', 'Falda para todas las ocasiones', 'Urbana y moderna', 'Combinación perfecta']",26,50.0,9
75,Pantalones chinos azul oscuro slim fit de Ralph Lauren,2,21,juvenil,hombre,algodon,azul,smart casual,slim,daily,"Estos pantalones chinos azul oscuro slim fit de Ralph Lauren son ideales para una noche de fin de semana o para un día de trabajo. Con su tejido de algodon suave y fresco, te mantendrán cómodo durante todo el día. Además, su estilo smart casual los hace perfectos para combinar con una camisa blanca y un par de zapatos de cuero para una look elegante y relajado. Los detalles como la costura lateral y el bolsillo trasero con botón añaden un toque de sofisticación a este pantalón versátil.","['pantalones chinos', 'azul oscuro', 'slim fit', 'hombre', 'juvenil', 'moda urbana', 'smart casual', 'algodon', 'Ralph Lauren', 'pantalones para diario', 'ropa de calle', 'estilo relajado']",30,136.0,10
76,Pantalones de vestir gris lana Zara para caballero,2,17,adulto mayor,hombre,lana,gris,formal,regular,formal events,"Estos pantalones de vestir gris de lana son ideales para cualquier ocasión formal, ya sea un evento de gala o una reunión de trabajo importante. Con su corte regular y estilo clásico, ofrecen una elegancia masculina y sofisticada que nunca pasa de moda. Hechos con telas naturales de alta calidad, garantizan un confort y una durabilidad sin igual, mientras que el detalle de la costura y el diseño español de Zara le dan un toque de distinción y exclusividad. Perfectos para el hombre mayor que busca una ropa de invierno cálida y elegante.","['pantalones de lana', 'vestir formal', 'hombre mayor', 'gris oscuro', 'telas naturales', 'fiestas de gala', 'trabajo corporativo', 'ropa de invierno', 'elegancia masculina', 'clásico y sofisticado', 'diseño español', 'calidad Zara']",37,91.0,8
77,Camisa Slim de Algodón para Eventos Formales,1,2,adulto mayor,unisex,algodon,blanco,business casual,slim,formal events,"La Camisa Slim de Algodón para Eventos Formales es una prenda elegante y sofisticada perfecta para ocasiones especiales. Confeccionada con algodón de alta calidad, esta camisa blanca cuenta con un corte slim fit que se adapta a la perfección al cuerpo, ofreciendo un estilo business casual que es ideal para eventos formales. La camisa también presenta un toque de elegancia con sus sutiles rayas verticales que le dan un toque de sofisticación adicional. Es una excelente opción para adultos mayores que buscan una prenda cómoda y elegante para lucir en sus eventos más importantes.","['Camisa blanca para hombre y mujer', 'Ropa de negocios casual', 'Prendas de algodón', 'Camisas slim fit', 'Ropa para eventos formales', 'Moda para adultos mayores', 'Estilo Brooks Brothers', 'Camisas unisex', 'Prendas para ocasiones especiales', 'Ropa de alta calidad', 'Diseño elegante y sofisticado']",7,159.0,3
78,Shorts deportivos negros juveniles H&M,2,15,juvenil,unisex,denim,negro,sport,regular,gym,"Estos shorts deportivos negros de H&M son ideales para jóvenes que buscan una prenda cómoda y versátil para sus entrenamientos en el gimnasio. Confeccionados en denim negro de alta calidad, estos shorts tienen un estilo sport que les da un toque moderno y urbano. Además, cuentan con bolsillos laterales para llevar tus cosas personales y un cinturón ajustable para un ajuste perfecto. Son perfectos para combinar con una camiseta básica y zapatillas de deporte para un look completo y deportivo.","['Shorts de deporte', 'Ropa para gimnasio', 'Moda urbana juvenil', 'Denim negro', 'Estilo sport', 'Talla regular', 'Ropa unisex', 'Prenda para entrenar', 'Indumentaria para jóvenes', 'Shorts de verano', 'Ropa cómoda', 'Accesorio para fitness']",19,21.0,8
79,Camisa de gala roja slim para niño,1,6,niño,hombre,poliester,rojo,formal,slim,formal events,"Esta camisa de gala roja slim para niño es ideal para eventos formales y especiales. Confeccionada en poliéster de alta calidad, cuenta con un estampado sutil de rayas diagonales que le da un toque de elegancia y sofisticación. La marca Ralph Lauren garantiza un estilo inigualable y una comodidad sin igual, perfecta para que el joven caballero se sienta seguro y elegante en cualquier ocasión.","['ropa formal', 'camisas de niño', 'tuxedo rojo', 'poliéster', 'ropa de gala', 'estilo elegante', 'ropa para eventos especiales', 'Ralph Lauren', 'hombre joven', 'vestir con estilo', 'camisa slim fit', 'color rojo intenso']",30,666.0,5
80,Pantalones deportivos de algodón blanco para niños,2,20,niño,hombre,algodon,blanco,sport,regular,daily,"Estos pantalones deportivos de algodón blanco son ideales para niños que aman el deporte y la aventura. Con su estilo sport y su ajuste regular, son perfectos para entrenar o simplemente para jugar con amigos. Además, cuentan con un bolsillo trasero para guardar pequeños objetos y un cinturón elástico para un ajuste cómodo. Son la elección perfecta para un día de diversión y actividad en el parque o en la cancha.","['pantalones deportivos', 'algodón', 'blanco', 'niños', 'hombre', 'sport', 'moda urbana', 'ropa casual', 'pantalones cómodos', 'para entrenar', 'para jugar', 'estilo americano', 'marca Champion']",10,35.0,9
81,Pantalones de running azul Puma,2,22,adulto joven,hombre,poliester,azul,streetwear,regular,running,"Estos pantalones de running de Puma son ideales para aquellos que buscan combinar estilo y comodidad. Confeccionados en poliéster resistente y transpirable, cuentan con un ajuste regular y una longitud que llega justo por debajo de la rodilla. Además, presentan detalles reflectantes en las piernas para mayor visibilidad durante tus sesiones de entrenamiento nocturnas y un bolsillo lateral para llevar tus pertenencias personales de manera segura.","['pantalones deportivos', 'streetwear', 'azul oscuro', 'poliéster', 'cómodo', 'running', 'hombre', 'adulto joven', 'moda urbana', ' deporte', 'fitness', 'ropa deportiva']",29,76.0,8
82,Pantalones de jogging celestes para un look relajado,2,20,adulto joven,hombre,algodon,celeste,casual,regular,home,"Estos pantalones de jogging celestes son perfectos para un día relajado en casa o para hacer deporte. Hechos de algodon suave y transpirable, tienen un corte regular y una cintura elástica para un ajuste cómodo. Además, tienen dos bolsillos laterales para guardar tus pertenencias y un logotipo discreto de la marca H&M en la parte posterior. Son ideales para combinar con una camiseta blanca y zapatillas deportivas para un look casual y fresco.","['pantalones de jogging', 'celeste', 'algodon', 'casual', 'hombre', 'adulto joven', 'ropa para casa', 'comodo', 'sportwear', 'moda urbana', 'bajos', 'pantalones deportivos', 'ropa informal']",19,28.0,3
83,Pantalones deportivos abrigados para adulto mayor,2,14,adulto mayor,unisex,fleece,negro,sport,regular,casual,"Estos pantalones deportivos de fleece negro son perfectos para el adulto mayor que busca comodidad y abrigo durante sus sesiones de ejercicio. Con un ajuste regular y un estilo deportivo, son ideales para correr, hacer yoga o simplemente para un día casual al aire libre. Además, cuentan con detalles como bolsillos laterales para llevar tus pertenencias y un cinturón ajustable para un ajuste personalizado. Son una excelente opción para aquellos que buscan una ropa deportiva de alta calidad y estilo.","['pantalones deportivos', 'joggers abrigados', 'ropa para adulto mayor', 'unisex', 'fleece', 'negro', 'estilo deportivo', 'ajuste regular', 'uso casual', 'Gymshark', 'ropa para entrenar', 'pantalones para correr', 'vestimenta para yoga']",18,43.0,6
84,Leggings de entrenamiento blanco intenso,2,18,adulto joven,mujer,poliester,blanco,activewear,slim,gym,"Estos leggings de entrenamiento blanco intenso son perfectos para mujeres jóvenes que buscan un estilo activo y una comodidad extrema. Hechos de poliéster transpirable, están diseñados para mantenerla fresca y seca durante sus entrenamientos más intensos. Con un ajuste slim que realza la silueta, estos leggings son ideales para correr, hacer yoga o simplemente para un día en el gimnasio. Además, cuentan con un cinturón elástico para un ajuste seguro y una bolsa oculta para llevar sus pertenencias personales.","['Leggings para mujer', 'Ropa de deporte', 'Poliester transpirable', 'Blanco puro', 'Estilo activo', 'Ajuste slim', 'Para entrenamientos intensos', 'Marca Lululemon', 'Calidad premium', 'Para gimnasio', 'Ropa de running', 'Mujer joven', 'Moda deportiva']",25,124.0,7
85,Pantalones de running Puma para caballero,2,22,adulto mayor,hombre,spandex,blanco,sport,regular,running,"Estos pantalones de running Puma para caballero son ideales para aquellos que buscan combinar comodidad y estilo en su rutina de entrenamiento. Hechos de spandex, ofrecen una gran flexibilidad y libertad de movimiento, mientras que su color blanco les da un toque fresco y deportivo. Además, cuentan con detalles como cintura elástica y bolsillos laterales para guardar pequeños objetos, lo que los hace perfectos para salir a correr o hacer ejercicio en el gimnasio. Son una excelente opción para aquellos que buscan una ropa deportiva de alta calidad y duradera.","['pantalones deportivos', 'running', 'spandex', 'blanco', 'hombre', 'mayor', ' deporte', 'fitness', 'ropa deportiva', 'puma', 'pantalones cómodos', 'para correr', 'adulto mayor']",29,92.0,9
86,Leggings deportivos azul intenso para mujer,2,18,juvenil,mujer,spandex,azul,sport,slim,running,"Estos leggings deportivos azul intenso para mujer son perfectos para tu próximo entrenamiento de running. Confeccionados con spandex, ofrecen comodidad y flexibilidad para que puedas moverte con libertad. La marca Alo Yoga se asegura de que cada prenda sea de alta calidad y tenga un diseño moderno y elegante. Además, estos leggings cuentan con un cinturón elástico para un ajuste perfecto y un bolsillo oculto para guardar tus pertenencias mientras estás en movimiento.","['leggings deportivos', 'ropa de running', 'mujer juvenil', 'azul intenso', 'spandex', 'Alo Yoga', 'sport', 'slim fit', 'calentamiento', 'entrenamiento', 'actividad física', 'moda urbana', 'comfy wear']",3,73.0,5
87,Vaqueros Blancos de Moda Urbana para Niñas Lee,2,13,niño,mujer,denim,blanco,streetwear,slim,casual,"Estos vaqueros blancos de la marca Lee son perfectos para las niñas que aman la moda urbana y el estilo casual. Con su ajuste slim fit y su tela de denim de alta calidad, son ideales para un día en la escuela o para una salida con amigos. Además, tienen un estampado de flores discretas en la parte posterior y un botón de cierre con logo de la marca, lo que les da un toque único y personalizado. Son una excelente opción para cualquier niña que quiera estar a la moda y sentirse cómoda y segura.","['Ropa de niña', 'Vaqueros blancos', 'Moda urbana', 'Ropa casual', 'Slim fit', 'Denim de calidad', 'Lee original', 'Prendas para niñas', 'Streetwear femenino', 'Ropa para todos los días', 'Estilo juvenil', 'Moda actual']",23,59.0,10
88,Jogger Verde Urbana Champion,2,14,juvenil,mujer,algodon,verde,streetwear,oversize,gym,"La jogger verde urbana de Champion es ideal para tu próxima sesión de entrenamiento en el gym. Con su estilo streetwear oversize y su suave tela de algodón, te sentirás cómoda y fresca mientras te esfuerzas por alcanzar tus objetivos. La parte trasera cuenta con un bolsillo para guardar tus pequeños objetos personales, como llaves o teléfono, y su cintura elástica asegura un ajuste perfecto. Además, su color verde intenso es perfecto para hacer una declaración de moda en cualquier lugar que vayas.","['Ropa deportiva', 'Mujer juvenil', 'Streetwear', 'Oversize', 'Algodon', 'Verde intenso', 'Gym wear', 'Moda urbana', 'Champion', 'Joggers', 'Comfy', 'Fitness', 'Ropa casual']",10,45.0,2
89,Cuello alto celeste de invierno,1,5,adulto joven,hombre,rayon,celeste,elegant,regular,winter,"Esta camiseta de cuello alto en celeste es perfecta para el invierno, con su tejido de rayon suave y elegante. Tiene un diseño minimalista con pequeñas rayas diagonales en la parte superior, lo que le da un toque de sofisticación. Es ideal para combinar con un par de jeans o pantalones de vestir para una noche fuera con amigos o una cita especial. La marca Banana Republic garantiza la calidad y el estilo en esta prenda.","['cuello alto', 'celeste', 'invierno', 'elegante', 'rayon', 'regular', 'hombre', 'adulto joven', 'Banana Republic', 'ropa de abrigo', 'estilo urbano', 'moda otoño-invierno']",6,93.0,7
90,Pantalones cargo aventura para niños,2,16,niño,hombre,poliester,beige,utility,baggy,outdoor,"Estos pantalones cargo para niños de Zara son ideales para las aventuras al aire libre, con su tejido de poliéster resistente y su estilo utility que incluye múltiples bolsillos para llevar todos los accesorios necesarios. El color beige les da un toque neutro y versátil, perfecto para combinar con cualquier camiseta o chaqueta. Además, su corte baggy proporciona una comodidad extra para que los niños se puedan mover libremente. Con detalles como refuerzos en las rodillas y una cintura ajustable, estos pantalones están diseñados para soportar el uso diario y las actividades más exigentes.","['pantalones cargo', 'ropa para niños', 'estilo utility', 'telas resistentes', 'moda al aire libre', 'poliéster duradero', 'beige neutro', 'vestimenta cómoda', 'diseño práctico', 'para excursiones', 'outdoor', 'Zara kids', 'moda urbana infantil']",37,78.0,8
91,Jogger Blanco Casual de Mujer,2,14,adulto joven,mujer,poliester,blanco,casual,oversize,daily,"Disfruta del comfort y la libertad de movimiento con estos joggers blancos de mujer, ideales para un día de entrenamiento o simplemente para una salida casual con amigos. Hechos de poliester suave y ligero, estos pantalones tienen un ajuste oversize que te permitirá moverte con facilidad y comodidad. Con su estilo urbano y su diseño minimalista, estos joggers son perfectos para combinar con tus tops y zapatillas favoritas, y su precio asequible de 78 te permitirá lucirte sin gastar una fortuna. Además, cuentan con detalles como una cintura elástica y bolsillos laterales para guardar tus pertenencias personales.","['Ropa deportiva', 'Pantalones de mujer', 'Joggers blancos', 'Moda casual', 'Ropa para adultos jóvenes', 'Poliester suave', 'Prendas oversize', 'Ropa para diario', 'Adidas mujer', 'Pantalones cómodos', 'Estilo urbano', 'Ropa para correr', 'Pantalones para yoga']",2,78.0,9
92,Camisa de algodón verde con estampado de hojas para hombre,1,2,juvenil,hombre,algodon,verde,business casual,regular,formal events,"Esta camisa de algodón verde con estampado de hojas es perfecta para eventos formales o reuniones de negocios. Su tejido suave y transpirable te mantendrá fresco y cómodo durante todo el día. La camisa cuenta con un cuello alto y manga larga, lo que la hace ideal para ocasiones especiales. Además, su diseño moderno y elegante te hará destacar en cualquier reunión.","['camisa de algodón', 'verde oscuro', 'estampado de hojas', 'hombre juvenil', 'eventos formales', 'business casual', 'ropa de moda', 'H&M', 'camisa de manga larga', 'cuello alto', 'pulgar con botón', 'tejido suave', 'diseño moderno', 'ropa para fiestas']",19,34.0,9
93,Pantalones de running Fila Comfort,2,22,adulto mayor,hombre,spandex,blanco,sport,regular,running,"Los pantalones de running Fila Comfort son ideales para aquellos que buscan combinar estilo y comodidad en su ropa deportiva. Estos pantalones están hechos de spandex, lo que les da una gran flexibilidad y movimiento, y cuentan con un diseño sport que los hace perfectos para correr o hacer ejercicio. Además, tienen un corte regular y son blancos, lo que los hace versátiles y fáciles de combinar con cualquier parte superior. Son perfectos para los días de entrenamiento intensivo o para una sesión de running relajada.","['Pantalones deportivos', 'Ropa de running', 'Moda urbana', 'Ropa para hombre', 'Pantalones de spandex', 'Ropa cómoda', 'Pantalones blancos', 'Deportes', 'Fitness', 'Ropa para correr', 'Pantalones ligeros', 'Fila', 'Sport']",15,53.0,4
94,Camisa polo rosada slim fit para oficina,1,8,adulto mayor,unisex,algodon,rosado,casual,slim,office,"Esta camisa polo rosada de Uniqlo es perfecta para el adulto mayor que busca una prenda cómoda y elegante para la oficina. Con su estilo casual y slim fit, es ideal para combinar con un par de pantalones o una falda para un look profesional. La camisa cuenta con un pequeño estampado de flores discretas en tonos pastel que le dan un toque de frescura y juventud, y su tejido de algodón la hace transpirable y fresca para el día a día.","['camisa polo', 'rosado', 'slim fit', 'oficina', 'unisex', 'algodón', 'estilo casual', 'adulto mayor', 'Uniqlo', 'ropa de trabajo', 'camisa ligera', 'clásico', 'elegante']",35,34.0,9
95,Vaqueros verdes baggy para jóvenes,2,13,juvenil,hombre,denim,verde,casual,baggy,casual,"Estos vaqueros verdes baggy de H&M son perfectos para jóvenes que buscan una prenda cómoda y versátil. Con su tejido de denim de alta calidad y su estilo casual, son ideales para ocasiones informales, como un día en el parque o una noche con amigos. Además, su color verde fresco y joven les da un toque de personalidad y estilo, y su corte baggy les proporciona una comodidad extra. Se pueden combinar con una camiseta blanca y unas zapatillas deportivas para un look relajado y moderno.","['Vaqueros verdes', 'Ropa casual', 'Moda juvenil', 'H&M', 'Pantalones baggy', 'Denim verde', 'Estilo urbano', 'Ropa para hombres', 'Prenda casual', 'Verano', 'Invierno', 'Ocasiones informales', 'Pantalones cómodos']",19,50.0,9
96,Pantalones de running Fila Beige Sport,2,22,juvenil,unisex,poliester,beige,sport,slim,running,"Los pantalones de running Fila Beige Sport son ideales para aquellos que buscan combinar comodidad y estilo en sus sesiones de entrenamiento. Con su tela poliéster resistente y transpirable, estos pantalones te mantendrán fresco y seco durante tus corridas más intensas. Además, su diseño slim fit y el color beige claro les dan un toque de elegancia y versatilidad, permitiéndote usarlos tanto en el gimnasio como en la calle. La marca Fila garantiza la calidad y durabilidad de estos pantalones, que también cuentan con detalles como refuerzos en las rodillas y una cintura ajustable para un ajuste perfecto.","['pantalones jogging', 'ropa deportiva', 'beige claro', 'tela poliéster', 'diseño slim fit', 'para correr', 'moda juvenil', 'unisex', 'deporte al aire libre', 'running ligero', 'comodidad garantizada', 'estilo urbano']",15,74.0,10
97,Turtleneck café con toque de invierno,1,5,juvenil,unisex,algodon,cafe,minimalist,slim,winter,"Este turtleneck café de Zara es la prenda perfecta para el invierno. Con su diseño minimalista y su ajuste slim, es ideal para aquellos que buscan una ropa cómoda y versátil. El algodón suave y la coloración café clara le dan un toque de elegancia y sofisticación, mientras que el cuello alto protege del frío. Además, presenta un pequeño estampado de rayas finas en el pecho, lo que le da un toque de personalidad y estilo.","['Ropa de invierno', 'Tops juveniles', 'Unisex', 'Algodón suave', 'Café claro', 'Minimalista', 'Slim fit', 'Zara original', 'Moda urbana', 'Prenda básica', 'Tendencia otoño-invierno', 'Regalos para adolescentes']",37,62.0,2
98,Sweater Morado Abuelo de Ralph Lauren,1,7,adulto mayor,unisex,lana,morado,minimalist,oversize,winter,"Este sweater morado de lana pura es perfecto para los días fríos de invierno, con un estilo minimalista y un corte oversize que lo hace muy cómodo y elegante. La lana utilizada es de alta calidad, lo que garantiza un abrigo óptimo y un tacto suave en la piel. Además, cuenta con un estampado sutil de pequeños rombos que le dan un toque de distinción y sofisticación, haciendo que sea ideal para salir a caminar o para una noche tranquila en casa con amigos y familiares.","['ropa de invierno', 'sweater oversize', 'lana pura', 'estilo minimalista', 'color morado profundo', 'unisex', 'adulto mayor', 'marca premium', 'Ralph Lauren', 'abrigado', 'cómodo', 'elegante', 'para días fríos']",30,83.0,1
99,Falda Verde Esmeralda para Niñas,2,19,niño,mujer,algodon,verde,formal,slim,daily,"La falda verde esmeralda para niñas de H&M es una prenda básica y elegante que puede ser utilizada para ocasiones especiales o simplemente para un día en la escuela. Confeccionada con algodón suave y un ajuste slim, esta falda es perfecta para niñas que buscan una combinación de comodidad y estilo. La falda cuenta con un estampado de flores pequeñas en tonos pastel que le dan un toque de frescura y juventud, y su longitud es ideal para combinar con zapatos de vestir o con zapatillas deportivas.","['falda para niñas', 'verde esmeralda', 'algodón suave', 'estilo formal', 'ajuste slim', 'uso diario', 'moda urbana', 'ropa para niñas', 'H&M', 'prendas básicas', 'vestuario escolar', 'ocasiones especiales']",19,24.0,5
100,Sudadera deportiva azul oversize Champion,1,4,adulto mayor,unisex,fleece,azul,sport,oversize,casual,"La sudadera deportiva azul oversize de Champion es perfecta para aquellos que buscan comodidad y estilo en su ropa casual. Confeccionada en fleece suave y cálido, esta sudadera es ideal para días frescos y cuenta con un diseño oversize que garantiza un ajuste cómodo. Además, su color azul marino intenso y su estilo deportivo la convierten en una excelente opción para hacer ejercicio o simplemente para salir con amigos. La sudadera también cuenta con una capucha ajustable y bolsillos laterales para llevar tus pertenencias personales.","['Sudaderas de fleece', 'Ropa deportiva', 'Moda casual', 'Champion', 'Azul marino', 'Tallas grandes', 'Unisex', 'Adultos mayores', 'Ropa confortable', 'Sportwear', 'Oversize', 'Sudaderas con capucha']",10,37.0,8
